{"Napa": [38.29714, -122.28553], "Sonoma": [38.29186, -122.45804], "Santa Cruz": [36.97412, -122.0308], "Monterey": [36.60024, -121.89468], "Berkeley": [37.87159, -122.27275], "Livermore": [37.68187, -121.76801], "San Francisco": [37.77493, -122.41942], "San Mateo": [37.56299, -122.32553], "San Jose": [37.33939, -121.89496], "Los Gatos": [37.22661, -121.97468]}